K	N
0	0
1	0
2	0
3	0
4	0
5	0
6	0
7	0
8	0
9	0
10	0
11	0
12	0
13	0
14	0
15	0
16	0
17	0
18	0
19	0
20	0
21	0
22	0
23	0
24	0
25	0
26	0
27	0
28	0
29	0
30	0
31	0
32	0
33	1
34	0
35	0
36	0
37	0
38	0
39	0
40	0
41	0
42	0
43	0
44	0
45	0
46	0
47	0
48	0
49	0
50	0
51	0
52	0
53	0
54	0
55	0
56	0
57	0
58	0
59	0
60	0
61	0
62	0
63	0
64	0
65	0
66	0
67	0
68	0
69	0
70	0
71	0
72	0
73	0
74	0
75	0
76	0
77	0
78	0
79	0
80	0
81	0
82	0
83	0
84	0
85	0
86	0
87	0
88	0
89	0
90	0
91	0
92	0
93	0
94	0
95	0
96	0
97	0
98	0
99	0
100	0
101	0
102	0
103	0
104	0
105	0
106	0
107	0
108	0
109	0
110	0
111	0
112	0
113	0
114	0
115	0
116	0
117	0
118	0
119	0
120	0
121	0
122	0
123	0
124	0
125	0
126	0
127	0
128	0
129	2
130	10
131	20
132	53
133	97
134	149
135	234
136	265
137	292
138	282
139	300
140	284
141	261
142	308
143	327
144	343
145	343
146	307
147	348
148	334
149	373
150	361
151	381
152	380
153	365
154	375
155	411
156	367
157	422
158	369
159	406
160	439
161	406
162	424
163	425
164	449
165	406
166	448
167	453
168	478
169	516
170	472
171	526
172	515
173	528
174	525
175	502
176	570
177	525
178	499
179	597
180	570
181	580
182	646
183	623
184	629
185	627
186	687
187	671
188	712
189	776
190	733
191	751
192	815
193	813
194	822
195	899
196	846
197	875
198	908
199	1027
200	1064
201	1053
202	1093
203	1169
204	1170
205	1313
206	1255
207	1403
208	1403
209	1450
210	1601
211	1661
212	1747
213	1787
214	1894
215	2100
216	2075
217	2255
218	2330
219	2365
220	2436
221	2558
222	2761
223	2811
224	2923
225	3073
226	3141
227	3324
228	3247
229	3342
230	3479
231	3564
232	3619
233	3659
234	3707
235	3805
236	3797
237	3757
238	3871
239	3782
240	3869
241	3727
242	3716
243	3716
244	3578
245	3533
246	3561
247	3389
248	3294
249	3252
250	3173
251	2947
252	2943
253	2972
254	2822
255	2661
256	2600
257	2513
258	2435
259	2393
260	2242
261	2166
262	2044
263	1949
264	1884
265	1869
266	1748
267	1661
268	1663
269	1658
270	1612
271	1597
272	1517
273	1439
274	1484
275	1408
276	1368
277	1370
278	1318
279	1310
280	1247
281	1252
282	1140
283	1166
284	1177
285	1055
286	1107
287	1010
288	998
289	976
290	912
291	943
292	836
293	860
294	813
295	766
296	722
297	678
298	661
299	651
300	589
301	624
302	546
303	514
304	511
305	457
306	474
307	449
308	421
309	403
310	383
311	358
312	352
313	363
314	341
315	326
316	355
317	319
318	303
319	316
320	268
321	289
322	273
323	264
324	236
325	281
326	284
327	265
328	261
329	274
330	258
331	284
332	277
333	269
334	268
335	257
336	247
337	245
338	236
339	250
340	263
341	252
342	268
343	234
344	215
345	269
346	261
347	260
348	269
349	294
350	259
351	289
352	268
353	265
354	269
355	262
356	276
357	268
358	272
359	268
360	263
361	266
362	305
363	298
364	284
365	302
366	288
367	296
368	287
369	280
370	273
371	306
372	290
373	284
374	285
375	313
376	292
377	313
378	327
379	324
380	325
381	305
382	310
383	317
384	290
385	317
386	353
387	318
388	298
389	331
390	327
391	333
392	320
393	311
394	313
395	354
396	314
397	341
398	363
399	356
400	375
401	354
402	391
403	368
404	349
405	383
406	393
407	393
408	360
409	378
410	373
411	384
412	396
413	423
414	403
415	389
416	375
417	415
418	418
419	416
420	432
421	451
422	429
423	421
424	479
425	425
426	441
427	451
428	411
429	448
430	503
431	475
432	485
433	496
434	504
435	532
436	461
437	464
438	509
439	508
440	544
441	546
442	529
443	529
444	548
445	533
446	539
447	535
448	535
449	518
450	529
451	484
452	508
453	512
454	547
455	547
456	526
457	530
458	534
459	552
460	518
461	547
462	532
463	541
464	558
465	536
466	493
467	509
468	501
469	487
470	536
471	547
472	513
473	516
474	508
475	542
476	524
477	489
478	524
479	540
480	578
481	527
482	549
483	547
484	476
485	519
486	527
487	577
488	511
489	568
490	564
491	502
492	538
493	566
494	549
495	558
496	523
497	593
498	541
499	544
500	573
501	580
502	552
503	598
504	573
505	611
506	505
507	600
508	556
509	604
510	588
511	575
512	615
513	603
514	627
515	611
516	618
517	604
518	607
519	623
520	578
521	558
522	609
523	628
524	597
525	569
526	596
527	601
528	602
529	640
530	584
531	579
532	589
533	589
534	574
535	572
536	611
537	587
538	593
539	596
540	570
541	616
542	597
543	586
544	556
545	577
546	589
547	615
548	569
549	588
550	535
551	565
552	533
553	557
554	540
555	552
556	516
557	533
558	561
559	558
560	540
561	556
562	529
563	545
564	602
565	521
566	529
567	527
568	517
569	500
570	578
571	542
572	462
573	537
574	550
575	566
576	544
577	517
578	543
579	533
580	502
581	530
582	515
583	589
584	546
585	525
586	514
587	517
588	549
589	505
590	541
591	519
592	473
593	529
594	510
595	528
596	520
597	492
598	510
599	511
600	536
601	496
602	545
603	535
604	499
605	506
606	515
607	526
608	502
609	529
610	484
611	518
612	506
613	492
614	514
615	566
616	541
617	509
618	516
619	535
620	556
621	518
622	535
623	511
624	564
625	563
626	507
627	530
628	524
629	551
630	508
631	540
632	507
633	559
634	521
635	530
636	554
637	561
638	583
639	581
640	582
641	588
642	588
643	574
644	596
645	583
646	610
647	587
648	629
649	598
650	614
651	618
652	652
653	660
654	689
655	662
656	730
657	641
658	694
659	685
660	674
661	686
662	727
663	744
664	744
665	796
666	796
667	791
668	761
669	898
670	804
671	861
672	911
673	854
674	960
675	981
676	993
677	949
678	974
679	1039
680	1040
681	1046
682	1107
683	1126
684	1170
685	1190
686	1196
687	1246
688	1255
689	1267
690	1369
691	1350
692	1352
693	1395
694	1389
695	1563
696	1474
697	1546
698	1525
699	1561
700	1655
701	1549
702	1605
703	1696
704	1745
705	1749
706	1729
707	1859
708	1777
709	1818
710	1832
711	1762
712	1778
713	1839
714	1845
715	1908
716	1830
717	1827
718	1816
719	1898
720	1884
721	1913
722	1771
723	1769
724	1885
725	1854
726	1802
727	1736
728	1779
729	1783
730	1744
731	1665
732	1747
733	1667
734	1602
735	1586
736	1614
737	1591
738	1557
739	1583
740	1503
741	1528
742	1492
743	1521
744	1494
745	1360
746	1375
747	1291
748	1272
749	1155
750	1222
751	1177
752	1223
753	1200
754	1064
755	1052
756	984
757	1020
758	922
759	957
760	897
761	850
762	803
763	881
764	839
765	781
766	783
767	765
768	678
769	630
770	721
771	642
772	634
773	590
774	610
775	571
776	589
777	532
778	504
779	503
780	513
781	477
782	512
783	441
784	456
785	469
786	419
787	441
788	402
789	404
790	376
791	390
792	369
793	384
794	386
795	355
796	344
797	338
798	357
799	328
800	326
801	349
802	325
803	292
804	346
805	325
806	303
807	289
808	333
809	281
810	321
811	280
812	320
813	306
814	276
815	300
816	291
817	317
818	315
819	253
820	287
821	276
822	268
823	289
824	316
825	298
826	267
827	276
828	299
829	278
830	336
831	302
832	304
833	272
834	281
835	279
836	282
837	297
838	251
839	293
840	292
841	282
842	295
843	325
844	284
845	313
846	252
847	315
848	289
849	259
850	283
851	290
852	317
853	256
854	309
855	297
856	325
857	289
858	271
859	266
860	305
861	328
862	271
863	306
864	280
865	302
866	312
867	274
868	294
869	306
870	285
871	299
872	282
873	284
874	273
875	276
876	286
877	283
878	286
879	285
880	264
881	322
882	251
883	295
884	284
885	322
886	335
887	317
888	279
889	260
890	285
891	309
892	297
893	307
894	279
895	280
896	278
897	277
898	310
899	283
900	284
901	294
902	298
903	301
904	269
905	293
906	263
907	293
908	256
909	275
910	282
911	272
912	295
913	298
914	263
915	288
916	265
917	278
918	319
919	279
920	298
921	259
922	270
923	300
924	307
925	282
926	329
927	272
928	298
929	285
930	293
931	277
932	283
933	301
934	280
935	275
936	284
937	313
938	255
939	257
940	284
941	286
942	295
943	280
944	315
945	310
946	326
947	262
948	254
949	311
950	288
951	292
952	288
953	258
954	296
955	282
956	280
957	339
958	271
959	290
960	283
961	277
962	271
963	289
964	311
965	266
966	276
967	274
968	305
969	271
970	304
971	301
972	292
973	267
974	286
975	239
976	282
977	289
978	265
979	287
980	257
981	277
982	269
983	275
984	262
985	307
986	277
987	265
988	270
989	274
990	288
991	262
992	270
993	271
994	256
995	264
996	261
997	269
998	270
999	285
1000	273
1001	262
1002	258
1003	274
1004	270
1005	262
1006	283
1007	271
1008	281
1009	270
1010	275
1011	271
1012	267
1013	272
1014	272
1015	278
1016	273
1017	252
1018	267
1019	300
1020	264
1021	260
1022	235
1023	274
1024	278
1025	263
1026	248
1027	275
1028	239
1029	248
1030	289
1031	244
1032	248
1033	272
1034	263
1035	271
1036	251
1037	286
1038	247
1039	258
1040	257
1041	261
1042	265
1043	300
1044	255
1045	259
1046	243
1047	262
1048	288
1049	243
1050	272
1051	228
1052	256
1053	244
1054	279
1055	244
1056	224
1057	246
1058	251
1059	262
1060	266
1061	275
1062	239
1063	239
1064	254
1065	232
1066	251
1067	243
1068	232
1069	270
1070	232
1071	236
1072	267
1073	250
1074	248
1075	257
1076	258
1077	257
1078	240
1079	245
1080	243
1081	276
1082	241
1083	263
1084	229
1085	218
1086	243
1087	251
1088	234
1089	209
1090	224
1091	243
1092	248
1093	238
1094	270
1095	257
1096	246
1097	238
1098	276
1099	260
1100	231
1101	285
1102	230
1103	279
1104	253
1105	236
1106	252
1107	233
1108	239
1109	247
1110	248
1111	236
1112	253
1113	218
1114	254
1115	242
1116	246
1117	248
1118	232
1119	239
1120	239
1121	237
1122	225
1123	265
1124	245
1125	231
1126	255
1127	218
1128	244
1129	224
1130	245
1131	251
1132	225
1133	234
1134	236
1135	241
1136	226
1137	235
1138	224
1139	198
1140	245
1141	233
1142	232
1143	231
1144	232
1145	249
1146	261
1147	224
1148	240
1149	219
1150	233
1151	249
1152	218
1153	247
1154	243
1155	263
1156	223
1157	237
1158	268
1159	233
1160	241
1161	227
1162	263
1163	245
1164	243
1165	266
1166	246
1167	261
1168	242
1169	241
1170	232
1171	260
1172	225
1173	218
1174	239
1175	226
1176	259
1177	239
1178	237
1179	225
1180	258
1181	223
1182	254
1183	234
1184	251
1185	235
1186	251
1187	216
1188	251
1189	221
1190	231
1191	238
1192	234
1193	236
1194	240
1195	240
1196	245
1197	250
1198	236
1199	220
1200	222
1201	235
1202	243
1203	212
1204	232
1205	240
1206	227
1207	240
1208	252
1209	216
1210	199
1211	233
1212	252
1213	221
1214	261
1215	244
1216	243
1217	240
1218	234
1219	209
1220	219
1221	227
1222	249
1223	242
1224	228
1225	212
1226	250
1227	212
1228	238
1229	234
1230	226
1231	230
1232	215
1233	232
1234	244
1235	214
1236	209
1237	235
1238	221
1239	238
1240	250
1241	229
1242	246
1243	238
1244	219
1245	233
1246	253
1247	206
1248	214
1249	246
1250	230
1251	215
1252	268
1253	230
1254	233
1255	236
1256	233
1257	209
1258	244
1259	219
1260	213
1261	232
1262	242
1263	257
1264	229
1265	230
1266	249
1267	202
1268	222
1269	240
1270	235
1271	232
1272	231
1273	215
1274	255
1275	210
1276	234
1277	227
1278	235
1279	250
1280	230
1281	253
1282	243
1283	248
1284	251
1285	237
1286	226
1287	273
1288	238
1289	245
1290	237
1291	250
1292	220
1293	247
1294	226
1295	234
1296	258
1297	263
1298	250
1299	236
1300	237
1301	283
1302	261
1303	263
1304	273
1305	266
1306	268
1307	257
1308	255
1309	252
1310	280
1311	262
1312	290
1313	270
1314	273
1315	251
1316	253
1317	272
1318	320
1319	261
1320	281
1321	285
1322	276
1323	290
1324	293
1325	284
1326	288
1327	292
1328	287
1329	309
1330	286
1331	301
1332	296
1333	345
1334	308
1335	299
1336	339
1337	288
1338	332
1339	323
1340	328
1341	334
1342	334
1343	283
1344	301
1345	310
1346	334
1347	293
1348	322
1349	339
1350	329
1351	349
1352	333
1353	304
1354	329
1355	343
1356	344
1357	351
1358	348
1359	332
1360	365
1361	361
1362	349
1363	328
1364	367
1365	341
1366	340
1367	323
1368	363
1369	390
1370	388
1371	364
1372	369
1373	339
1374	375
1375	380
1376	348
1377	388
1378	391
1379	399
1380	388
1381	371
1382	382
1383	369
1384	353
1385	364
1386	365
1387	365
1388	345
1389	373
1390	370
1391	355
1392	320
1393	406
1394	362
1395	356
1396	364
1397	372
1398	371
1399	372
1400	344
1401	406
1402	382
1403	360
1404	361
1405	335
1406	370
1407	361
1408	347
1409	345
1410	364
1411	365
1412	377
1413	370
1414	361
1415	365
1416	327
1417	342
1418	343
1419	368
1420	343
1421	381
1422	340
1423	372
1424	319
1425	335
1426	341
1427	357
1428	338
1429	326
1430	333
1431	310
1432	316
1433	330
1434	278
1435	319
1436	294
1437	354
1438	288
1439	288
1440	287
1441	294
1442	296
1443	309
1444	293
1445	291
1446	285
1447	318
1448	307
1449	299
1450	290
1451	244
1452	264
1453	257
1454	258
1455	306
1456	267
1457	230
1458	253
1459	239
1460	243
1461	239
1462	264
1463	275
1464	256
1465	206
1466	259
1467	260
1468	234
1469	258
1470	206
1471	209
1472	243
1473	243
1474	235
1475	241
1476	220
1477	223
1478	234
1479	235
1480	214
1481	218
1482	190
1483	195
1484	177
1485	197
1486	183
1487	198
1488	228
1489	207
1490	193
1491	212
1492	224
1493	191
1494	180
1495	160
1496	195
1497	195
1498	183
1499	164
1500	207
1501	176
1502	188
1503	164
1504	182
1505	191
1506	176
1507	191
1508	155
1509	150
1510	169
1511	176
1512	165
1513	159
1514	163
1515	176
1516	163
1517	169
1518	181
1519	168
1520	149
1521	183
1522	162
1523	157
1524	165
1525	181
1526	165
1527	139
1528	146
1529	135
1530	155
1531	158
1532	154
1533	153
1534	138
1535	154
1536	160
1537	161
1538	164
1539	146
1540	152
1541	159
1542	145
1543	158
1544	164
1545	165
1546	162
1547	148
1548	144
1549	122
1550	130
1551	162
1552	160
1553	156
1554	163
1555	150
1556	140
1557	169
1558	148
1559	150
1560	165
1561	150
1562	146
1563	160
1564	125
1565	141
1566	157
1567	159
1568	130
1569	149
1570	135
1571	157
1572	150
1573	129
1574	153
1575	131
1576	145
1577	149
1578	130
1579	142
1580	146
1581	154
1582	126
1583	157
1584	128
1585	146
1586	142
1587	118
1588	148
1589	140
1590	154
1591	130
1592	138
1593	148
1594	121
1595	151
1596	143
1597	118
1598	129
1599	126
1600	145
1601	168
1602	140
1603	147
1604	126
1605	149
1606	146
1607	143
1608	143
1609	152
1610	135
1611	117
1612	132
1613	134
1614	150
1615	135
1616	154
1617	139
1618	167
1619	134
1620	138
1621	131
1622	148
1623	154
1624	164
1625	153
1626	139
1627	140
1628	145
1629	148
1630	147
1631	127
1632	149
1633	144
1634	122
1635	132
1636	131
1637	134
1638	163
1639	147
1640	122
1641	135
1642	145
1643	136
1644	109
1645	106
1646	150
1647	133
1648	142
1649	133
1650	150
1651	154
1652	124
1653	146
1654	135
1655	125
1656	124
1657	141
1658	149
1659	129
1660	141
1661	123
1662	151
1663	134
1664	126
1665	132
1666	130
1667	157
1668	139
1669	125
1670	140
1671	136
1672	156
1673	144
1674	159
1675	145
1676	146
1677	126
1678	142
1679	139
1680	131
1681	145
1682	144
1683	159
1684	125
1685	128
1686	140
1687	122
1688	147
1689	161
1690	138
1691	140
1692	128
1693	144
1694	138
1695	141
1696	131
1697	144
1698	143
1699	160
1700	145
1701	138
1702	159
1703	140
1704	158
1705	141
1706	140
1707	143
1708	151
1709	147
1710	164
1711	132
1712	126
1713	122
1714	135
1715	130
1716	137
1717	139
1718	130
1719	134
1720	130
1721	122
1722	116
1723	129
1724	144
1725	152
1726	145
1727	155
1728	129
1729	132
1730	131
1731	130
1732	138
1733	128
1734	153
1735	133
1736	134
1737	141
1738	139
1739	136
1740	144
1741	146
1742	117
1743	137
1744	166
1745	144
1746	129
1747	141
1748	142
1749	156
1750	120
1751	143
1752	135
1753	126
1754	137
1755	147
1756	134
1757	157
1758	154
1759	137
1760	148
1761	165
1762	154
1763	150
1764	134
1765	141
1766	134
1767	173
1768	130
1769	169
1770	138
1771	133
1772	153
1773	181
1774	155
1775	157
1776	124
1777	149
1778	172
1779	154
1780	141
1781	160
1782	153
1783	193
1784	175
1785	158
1786	146
1787	175
1788	178
1789	160
1790	172
1791	170
1792	179
1793	171
1794	173
1795	205
1796	174
1797	180
1798	184
1799	178
1800	214
1801	181
1802	195
1803	186
1804	199
1805	207
1806	182
1807	198
1808	219
1809	205
1810	188
1811	230
1812	204
1813	221
1814	214
1815	201
1816	227
1817	223
1818	232
1819	203
1820	200
1821	202
1822	243
1823	285
1824	230
1825	208
1826	248
1827	263
1828	282
1829	211
1830	263
1831	238
1832	243
1833	269
1834	281
1835	264
1836	285
1837	297
1838	291
1839	281
1840	276
1841	276
1842	281
1843	268
1844	315
1845	315
1846	316
1847	312
1848	305
1849	292
1850	309
1851	314
1852	354
1853	304
1854	332
1855	358
1856	323
1857	352
1858	315
1859	349
1860	340
1861	348
1862	359
1863	337
1864	365
1865	374
1866	360
1867	385
1868	399
1869	386
1870	366
1871	383
1872	378
1873	361
1874	401
1875	389
1876	418
1877	397
1878	421
1879	416
1880	413
1881	439
1882	387
1883	459
1884	386
1885	413
1886	442
1887	440
1888	460
1889	416
1890	456
1891	463
1892	444
1893	413
1894	437
1895	398
1896	475
1897	469
1898	477
1899	506
1900	477
1901	460
1902	494
1903	473
1904	496
1905	485
1906	464
1907	523
1908	486
1909	481
1910	458
1911	458
1912	530
1913	454
1914	495
1915	463
1916	486
1917	488
1918	489
1919	493
1920	486
1921	519
1922	508
1923	479
1924	519
1925	438
1926	544
1927	512
1928	503
1929	530
1930	494
1931	465
1932	497
1933	519
1934	523
1935	494
1936	472
1937	491
1938	497
1939	491
1940	536
1941	504
1942	538
1943	482
1944	514
1945	531
1946	510
1947	497
1948	503
1949	500
1950	437
1951	486
1952	495
1953	532
1954	482
1955	465
1956	502
1957	468
1958	451
1959	475
1960	497
1961	458
1962	502
1963	473
1964	443
1965	447
1966	474
1967	466
1968	432
1969	471
1970	417
1971	435
1972	434
1973	440
1974	462
1975	450
1976	437
1977	414
1978	409
1979	451
1980	442
1981	444
1982	446
1983	434
1984	406
1985	446
1986	449
1987	433
1988	396
1989	411
1990	398
1991	427
1992	431
1993	364
1994	398
1995	393
1996	381
1997	365
1998	401
1999	346
2000	367
2001	358
2002	401
2003	340
2004	372
2005	371
2006	364
2007	322
2008	349
2009	359
2010	310
2011	348
2012	315
2013	322
2014	320
2015	308
2016	296
2017	312
2018	297
2019	305
2020	321
2021	271
2022	299
2023	294
2024	303
2025	310
2026	275
2027	282
2028	282
2029	262
2030	260
2031	244
2032	240
2033	235
2034	244
2035	231
2036	218
2037	219
2038	245
2039	220
2040	250
2041	227
2042	249
2043	230
2044	187
2045	219
2046	215
2047	219
2048	190
2049	189
2050	203
2051	203
2052	207
2053	217
2054	194
2055	207
2056	159
2057	210
2058	180
2059	196
2060	162
2061	141
2062	170
2063	168
2064	152
2065	171
2066	148
2067	173
2068	155
2069	148
2070	154
2071	157
2072	164
2073	142
2074	125
2075	164
2076	137
2077	132
2078	146
2079	146
2080	140
2081	130
2082	123
2083	115
2084	142
2085	139
2086	134
2087	132
2088	120
2089	111
2090	133
2091	104
2092	123
2093	124
2094	119
2095	138
2096	105
2097	92
2098	107
2099	89
2100	104
2101	101
2102	109
2103	122
2104	103
2105	86
2106	82
2107	100
2108	112
2109	116
2110	108
2111	108
2112	97
2113	108
2114	89
2115	116
2116	95
2117	96
2118	83
2119	91
2120	94
2121	92
2122	101
2123	95
2124	93
2125	110
2126	103
2127	85
2128	81
2129	100
2130	88
2131	79
2132	96
2133	101
2134	81
2135	88
2136	82
2137	100
2138	77
2139	93
2140	92
2141	91
2142	83
2143	89
2144	83
2145	79
2146	93
2147	68
2148	78
2149	90
2150	103
2151	89
2152	92
2153	85
2154	85
2155	94
2156	89
2157	87
2158	99
2159	82
2160	89
2161	99
2162	86
2163	95
2164	78
2165	90
2166	84
2167	89
2168	86
2169	83
2170	66
2171	88
2172	75
2173	86
2174	89
2175	82
2176	84
2177	95
2178	79
2179	96
2180	79
2181	94
2182	88
2183	76
2184	106
2185	95
2186	86
2187	92
2188	84
2189	88
2190	72
2191	73
2192	95
2193	88
2194	86
2195	82
2196	90
2197	95
2198	93
2199	74
2200	87
2201	85
2202	84
2203	81
2204	86
2205	91
2206	87
2207	90
2208	101
2209	85
2210	92
2211	76
2212	105
2213	83
2214	65
2215	70
2216	88
2217	71
2218	104
2219	73
2220	88
2221	76
2222	95
2223	100
2224	77
2225	82
2226	85
2227	83
2228	64
2229	92
2230	104
2231	87
2232	106
2233	91
2234	86
2235	84
2236	99
2237	72
2238	102
2239	96
2240	85
2241	98
2242	81
2243	85
2244	111
2245	100
2246	92
2247	101
2248	99
2249	100
2250	108
2251	80
2252	96
2253	89
2254	93
2255	103
2256	105
2257	86
2258	119
2259	76
2260	96
2261	85
2262	92
2263	94
2264	83
2265	93
2266	105
2267	78
2268	89
2269	105
2270	90
2271	95
2272	87
2273	103
2274	95
2275	97
2276	82
2277	84
2278	92
2279	105
2280	87
2281	103
2282	98
2283	80
2284	91
2285	90
2286	90
2287	95
2288	99
2289	97
2290	96
2291	109
2292	82
2293	95
2294	114
2295	92
2296	103
2297	98
2298	92
2299	99
2300	95
2301	76
2302	90
2303	88
2304	99
2305	81
2306	81
2307	101
2308	110
2309	91
2310	83
2311	98
2312	101
2313	80
2314	115
2315	105
2316	95
2317	103
2318	95
2319	95
2320	106
2321	76
2322	101
2323	107
2324	107
2325	89
2326	104
2327	94
2328	108
2329	112
2330	87
2331	96
2332	101
2333	105
2334	100
2335	93
2336	100
2337	91
2338	119
2339	97
2340	92
2341	93
2342	98
2343	95
2344	95
2345	99
2346	83
2347	99
2348	107
2349	116
2350	92
2351	94
2352	108
2353	93
2354	103
2355	92
2356	107
2357	108
2358	102
2359	85
2360	101
2361	102
2362	94
2363	88
2364	78
2365	84
2366	98
2367	104
2368	100
2369	102
2370	101
2371	92
2372	87
2373	101
2374	98
2375	105
2376	90
2377	75
2378	100
2379	90
2380	103
2381	85
2382	97
2383	84
2384	110
2385	102
2386	110
2387	89
2388	116
2389	100
2390	102
2391	94
2392	94
2393	79
2394	118
2395	79
2396	92
2397	79
2398	103
2399	106
2400	122
2401	113
2402	83
2403	96
2404	96
2405	90
2406	71
2407	84
2408	88
2409	99
2410	95
2411	97
2412	89
2413	81
2414	94
2415	93
2416	89
2417	85
2418	98
2419	91
2420	86
2421	91
2422	103
2423	88
2424	103
2425	81
2426	84
2427	96
2428	92
2429	100
2430	77
2431	90
2432	99
2433	94
2434	97
2435	92
2436	99
2437	81
2438	87
2439	91
2440	82
2441	99
2442	95
2443	84
2444	124
2445	88
2446	108
2447	96
2448	112
2449	98
2450	90
2451	85
2452	86
2453	90
2454	90
2455	88
2456	95
2457	95
2458	90
2459	95
2460	102
2461	87
2462	107
2463	90
2464	93
2465	89
2466	104
2467	81
2468	92
2469	101
2470	85
2471	94
2472	101
2473	88
2474	103
2475	91
2476	87
2477	105
2478	92
2479	103
2480	90
2481	88
2482	123
2483	83
2484	87
2485	96
2486	102
2487	93
2488	92
2489	96
2490	91
2491	84
2492	82
2493	107
2494	116
2495	94
2496	81
2497	107
2498	82
2499	99
2500	82
2501	97
2502	101
2503	88
2504	97
2505	89
2506	85
2507	101
2508	91
2509	114
2510	80
2511	90
2512	101
2513	93
2514	86
2515	76
2516	96
2517	96
2518	69
2519	85
2520	74
2521	72
2522	76
2523	93
2524	82
2525	91
2526	81
2527	91
2528	93
2529	92
2530	89
2531	81
2532	90
2533	87
2534	85
2535	98
2536	76
2537	82
2538	72
2539	80
2540	69
2541	87
2542	69
2543	88
2544	72
2545	68
2546	84
2547	89
2548	83
2549	75
2550	73
2551	84
2552	79
2553	76
2554	62
2555	73
2556	69
2557	83
2558	70
2559	78
2560	78
2561	88
2562	65
2563	68
2564	67
2565	83
2566	79
2567	67
2568	80
2569	73
2570	81
2571	78
2572	71
2573	97
2574	80
2575	73
2576	60
2577	62
2578	62
2579	62
2580	66
2581	74
2582	84
2583	76
2584	85
2585	61
2586	77
2587	71
2588	78
2589	51
2590	71
2591	55
2592	68
2593	61
2594	81
2595	62
2596	65
2597	64
2598	65
2599	75
2600	70
2601	63
2602	63
2603	60
2604	63
2605	79
2606	51
2607	73
2608	70
2609	61
2610	60
2611	67
2612	72
2613	59
2614	75
2615	71
2616	60
2617	70
2618	63
2619	65
2620	62
2621	54
2622	67
2623	73
2624	52
2625	60
2626	64
2627	63
2628	60
2629	59
2630	55
2631	76
2632	59
2633	59
2634	65
2635	59
2636	73
2637	63
2638	64
2639	59
2640	66
2641	65
2642	54
2643	82
2644	66
2645	56
2646	59
2647	68
2648	64
2649	58
2650	58
2651	56
2652	67
2653	64
2654	57
2655	61
2656	66
2657	43
2658	60
2659	54
2660	82
2661	68
2662	59
2663	53
2664	60
2665	49
2666	57
2667	68
2668	56
2669	58
2670	65
2671	54
2672	58
2673	65
2674	64
2675	59
2676	51
2677	66
2678	53
2679	65
2680	43
2681	58
2682	65
2683	60
2684	60
2685	60
2686	51
2687	68
2688	66
2689	59
2690	76
2691	56
2692	58
2693	65
2694	70
2695	63
2696	57
2697	73
2698	48
2699	66
2700	61
2701	69
2702	59
2703	46
2704	57
2705	55
2706	57
2707	65
2708	71
2709	62
2710	68
2711	59
2712	70
2713	45
2714	65
2715	60
2716	60
2717	63
2718	61
2719	66
2720	70
2721	66
2722	55
2723	55
2724	52
2725	51
2726	64
2727	49
2728	47
2729	68
2730	60
2731	52
2732	70
2733	51
2734	50
2735	64
2736	63
2737	69
2738	52
2739	57
2740	63
2741	58
2742	63
2743	48
2744	67
2745	54
2746	44
2747	71
2748	53
2749	68
2750	52
2751	61
2752	63
2753	50
2754	60
2755	62
2756	54
2757	47
2758	53
2759	57
2760	47
2761	44
2762	57
2763	56
2764	61
2765	57
2766	62
2767	64
2768	72
2769	53
2770	65
2771	70
2772	71
2773	51
2774	62
2775	72
2776	63
2777	64
2778	66
2779	58
2780	62
2781	56
2782	50
2783	60
2784	54
2785	57
2786	45
2787	66
2788	58
2789	61
2790	65
2791	67
2792	55
2793	55
2794	60
2795	68
2796	59
2797	55
2798	58
2799	68
2800	57
2801	64
2802	66
2803	63
2804	62
2805	53
2806	53
2807	49
2808	60
2809	61
2810	51
2811	80
2812	61
2813	60
2814	62
2815	47
2816	51
2817	40
2818	54
2819	60
2820	45
2821	50
2822	51
2823	58
2824	51
2825	58
2826	48
2827	68
2828	56
2829	50
2830	45
2831	61
2832	58
2833	54
2834	44
2835	56
2836	57
2837	55
2838	50
2839	61
2840	57
2841	62
2842	55
2843	53
2844	47
2845	57
2846	52
2847	52
2848	58
2849	57
2850	63
2851	53
2852	64
2853	51
2854	74
2855	74
2856	55
2857	76
2858	67
2859	61
2860	68
2861	57
2862	55
2863	62
2864	47
2865	55
2866	58
2867	53
2868	64
2869	63
2870	42
2871	51
2872	50
2873	68
2874	59
2875	52
2876	63
2877	65
2878	56
2879	58
2880	58
2881	51
2882	47
2883	52
2884	64
2885	54
2886	57
2887	53
2888	44
2889	45
2890	63
2891	58
2892	83
2893	52
2894	64
2895	61
2896	65
2897	63
2898	61
2899	64
2900	67
2901	62
2902	54
2903	61
2904	51
2905	71
2906	54
2907	56
2908	47
2909	51
2910	59
2911	47
2912	75
2913	69
2914	62
2915	65
2916	55
2917	67
2918	46
2919	53
2920	53
2921	46
2922	46
2923	54
2924	69
2925	53
2926	53
2927	48
2928	50
2929	61
2930	58
2931	64
2932	52
2933	41
2934	55
2935	62
2936	50
2937	44
2938	56
2939	41
2940	51
2941	64
2942	56
2943	49
2944	48
2945	50
2946	64
2947	50
2948	59
2949	61
2950	46
2951	57
2952	42
2953	58
2954	56
2955	57
2956	59
2957	66
2958	61
2959	46
2960	63
2961	70
2962	52
2963	61
2964	57
2965	58
2966	56
2967	74
2968	54
2969	49
2970	63
2971	55
2972	55
2973	50
2974	45
2975	53
2976	53
2977	46
2978	49
2979	51
2980	66
2981	64
2982	57
2983	54
2984	52
2985	43
2986	57
2987	49
2988	62
2989	56
2990	67
2991	58
2992	54
2993	58
2994	52
2995	54
2996	63
2997	58
2998	52
2999	62
3000	50
3001	48
3002	48
3003	53
3004	43
3005	61
3006	66
3007	48
3008	50
3009	49
3010	55
3011	55
3012	67
3013	59
3014	40
3015	58
3016	59
3017	49
3018	45
3019	50
3020	64
3021	53
3022	46
3023	62
3024	62
3025	59
3026	47
3027	58
3028	57
3029	60
3030	71
3031	47
3032	61
3033	32
3034	46
3035	53
3036	49
3037	50
3038	54
3039	66
3040	71
3041	57
3042	66
3043	55
3044	71
3045	56
3046	52
3047	51
3048	45
3049	55
3050	59
3051	47
3052	76
3053	60
3054	61
3055	53
3056	52
3057	51
3058	61
3059	65
3060	60
3061	44
3062	49
3063	51
3064	70
3065	49
3066	45
3067	49
3068	58
3069	60
3070	65
3071	60
3072	56
3073	61
3074	39
3075	58
3076	58
3077	49
3078	56
3079	69
3080	52
3081	57
3082	60
3083	62
3084	51
3085	50
3086	47
3087	64
3088	55
3089	48
3090	50
3091	62
3092	59
3093	54
3094	75
3095	56
3096	52
3097	53
3098	56
3099	60
3100	58
3101	47
3102	44
3103	46
3104	45
3105	69
3106	42
3107	64
3108	64
3109	41
3110	65
3111	55
3112	67
3113	57
3114	42
3115	46
3116	67
3117	58
3118	57
3119	67
3120	62
3121	55
3122	62
3123	41
3124	47
3125	74
3126	50
3127	45
3128	61
3129	60
3130	54
3131	68
3132	58
3133	52
3134	52
3135	44
3136	59
3137	61
3138	57
3139	42
3140	48
3141	57
3142	41
3143	45
3144	54
3145	48
3146	48
3147	43
3148	54
3149	43
3150	39
3151	55
3152	55
3153	48
3154	62
3155	62
3156	49
3157	47
3158	55
3159	63
3160	61
3161	52
3162	58
3163	54
3164	49
3165	53
3166	52
3167	56
3168	56
3169	50
3170	54
3171	53
3172	56
3173	61
3174	47
3175	50
3176	53
3177	42
3178	47
3179	53
3180	56
3181	59
3182	55
3183	51
3184	42
3185	55
3186	66
3187	59
3188	51
3189	63
3190	42
3191	55
3192	54
3193	54
3194	53
3195	58
3196	57
3197	45
3198	40
3199	60
3200	57
3201	54
3202	43
3203	63
3204	56
3205	44
3206	44
3207	73
3208	42
3209	58
3210	46
3211	40
3212	56
3213	65
3214	47
3215	47
3216	50
3217	45
3218	58
3219	56
3220	42
3221	49
3222	44
3223	52
3224	35
3225	46
3226	56
3227	57
3228	54
3229	59
3230	53
3231	48
3232	48
3233	50
3234	37
3235	41
3236	48
3237	51
3238	56
3239	47
3240	51
3241	56
3242	49
3243	55
3244	50
3245	55
3246	67
3247	35
3248	56
3249	53
3250	58
3251	57
3252	39
3253	44
3254	54
3255	41
3256	35
3257	52
3258	66
3259	55
3260	51
3261	55
3262	54
3263	49
3264	56
3265	48
3266	51
3267	44
3268	47
3269	45
3270	38
3271	52
3272	51
3273	45
3274	51
3275	54
3276	34
3277	55
3278	44
3279	57
3280	52
3281	57
3282	37
3283	46
3284	49
3285	44
3286	51
3287	53
3288	45
3289	49
3290	44
3291	49
3292	49
3293	36
3294	46
3295	45
3296	45
3297	48
3298	38
3299	39
3300	37
3301	37
3302	54
3303	49
3304	42
3305	53
3306	60
3307	39
3308	42
3309	53
3310	44
3311	47
3312	40
3313	43
3314	40
3315	44
3316	40
3317	49
3318	42
3319	50
3320	45
3321	50
3322	40
3323	48
3324	52
3325	36
3326	50
3327	42
3328	41
3329	41
3330	54
3331	41
3332	53
3333	38
3334	51
3335	42
3336	39
3337	44
3338	51
3339	46
3340	53
3341	46
3342	51
3343	36
3344	57
3345	53
3346	42
3347	41
3348	55
3349	51
3350	52
3351	44
3352	33
3353	45
3354	47
3355	38
3356	38
3357	47
3358	31
3359	49
3360	42
3361	40
3362	37
3363	44
3364	52
3365	48
3366	44
3367	48
3368	51
3369	40
3370	46
3371	36
3372	39
3373	38
3374	35
3375	38
3376	37
3377	42
3378	36
3379	41
3380	50
3381	39
3382	30
3383	44
3384	39
3385	37
3386	50
3387	39
3388	45
3389	43
3390	41
3391	43
3392	44
3393	53
3394	40
3395	55
3396	53
3397	43
3398	44
3399	52
3400	45
3401	47
3402	46
3403	36
3404	29
3405	53
3406	50
3407	44
3408	45
3409	48
3410	41
3411	47
3412	38
3413	43
3414	40
3415	43
3416	42
3417	40
3418	40
3419	52
3420	50
3421	28
3422	42
3423	39
3424	60
3425	41
3426	38
3427	31
3428	43
3429	54
3430	38
3431	68
3432	43
3433	38
3434	40
3435	37
3436	51
3437	43
3438	37
3439	40
3440	51
3441	37
3442	51
3443	56
3444	43
3445	46
3446	37
3447	38
3448	40
3449	42
3450	48
3451	37
3452	30
3453	45
3454	43
3455	43
3456	42
3457	42
3458	44
3459	51
3460	42
3461	58
3462	38
3463	44
3464	42
3465	36
3466	32
3467	43
3468	39
3469	43
3470	52
3471	42
3472	40
3473	53
3474	30
3475	47
3476	35
3477	37
3478	34
3479	38
3480	36
3481	48
3482	38
3483	50
3484	46
3485	46
3486	44
3487	46
3488	50
3489	38
3490	41
3491	39
3492	44
3493	56
3494	36
3495	40
3496	41
3497	39
3498	48
3499	48
3500	29
3501	48
3502	47
3503	54
3504	48
3505	40
3506	44
3507	63
3508	44
3509	37
3510	52
3511	45
3512	28
3513	35
3514	50
3515	48
3516	35
3517	48
3518	42
3519	45
3520	46
3521	60
3522	50
3523	38
3524	48
3525	34
3526	42
3527	45
3528	49
3529	41
3530	32
3531	42
3532	37
3533	47
3534	41
3535	47
3536	42
3537	41
3538	37
3539	55
3540	45
3541	51
3542	45
3543	50
3544	40
3545	54
3546	35
3547	48
3548	38
3549	47
3550	37
3551	37
3552	49
3553	47
3554	31
3555	57
3556	52
3557	44
3558	41
3559	56
3560	45
3561	43
3562	38
3563	48
3564	38
3565	53
3566	43
3567	37
3568	52
3569	36
3570	49
3571	36
3572	42
3573	41
3574	46
3575	51
3576	44
3577	43
3578	47
3579	44
3580	56
3581	40
3582	50
3583	49
3584	45
3585	51
3586	55
3587	34
3588	57
3589	46
3590	41
3591	49
3592	48
3593	43
3594	54
3595	43
3596	46
3597	57
3598	56
3599	32
3600	47
3601	42
3602	46
3603	48
3604	48
3605	55
3606	29
3607	62
3608	48
3609	53
3610	59
3611	50
3612	53
3613	53
3614	52
3615	46
3616	36
3617	58
3618	60
3619	42
3620	31
3621	47
3622	53
3623	54
3624	45
3625	52
3626	48
3627	43
3628	48
3629	59
3630	45
3631	46
3632	52
3633	44
3634	56
3635	55
3636	46
3637	44
3638	40
3639	44
3640	45
3641	43
3642	56
3643	50
3644	39
3645	37
3646	44
3647	36
3648	54
3649	53
3650	55
3651	51
3652	63
3653	60
3654	56
3655	58
3656	61
3657	44
3658	42
3659	46
3660	49
3661	57
3662	34
3663	58
3664	33
3665	44
3666	55
3667	40
3668	43
3669	51
3670	55
3671	54
3672	44
3673	52
3674	36
3675	47
3676	53
3677	49
3678	47
3679	43
3680	48
3681	42
3682	41
3683	37
3684	53
3685	43
3686	45
3687	45
3688	34
3689	48
3690	47
3691	56
3692	53
3693	57
3694	32
3695	55
3696	47
3697	47
3698	55
3699	45
3700	36
3701	60
3702	45
3703	65
3704	45
3705	48
3706	50
3707	57
3708	51
3709	42
3710	54
3711	46
3712	52
3713	48
3714	40
3715	52
3716	43
3717	52
3718	67
3719	36
3720	57
3721	54
3722	59
3723	47
3724	45
3725	45
3726	42
3727	56
3728	47
3729	58
3730	45
3731	55
3732	50
3733	52
3734	46
3735	50
3736	46
3737	55
3738	52
3739	49
3740	54
3741	41
3742	52
3743	42
3744	42
3745	40
3746	55
3747	37
3748	46
3749	50
3750	49
3751	38
3752	38
3753	56
3754	41
3755	44
3756	39
3757	41
3758	34
3759	44
3760	44
3761	66
3762	48
3763	42
3764	47
3765	47
3766	52
3767	45
3768	49
3769	51
3770	40
3771	38
3772	53
3773	44
3774	33
3775	45
3776	47
3777	38
3778	55
3779	57
3780	68
3781	42
3782	49
3783	47
3784	40
3785	49
3786	50
3787	50
3788	36
3789	49
3790	35
3791	61
3792	48
3793	38
3794	53
3795	48
3796	39
3797	34
3798	41
3799	44
3800	39
3801	56
3802	44
3803	49
3804	49
3805	46
3806	48
3807	36
3808	53
3809	52
3810	45
3811	45
3812	49
3813	53
3814	52
3815	52
3816	50
3817	42
3818	48
3819	40
3820	44
3821	46
3822	56
3823	46
3824	45
3825	50
3826	37
3827	48
3828	39
3829	58
3830	49
3831	40
3832	52
3833	50
3834	54
3835	52
3836	43
3837	59
3838	45
3839	40
3840	47
3841	47
3842	51
3843	45
3844	46
3845	48
3846	36
3847	45
3848	46
3849	43
3850	43
3851	52
3852	46
3853	44
3854	45
3855	54
3856	46
3857	43
3858	46
3859	36
3860	48
3861	37
3862	45
3863	51
3864	42
3865	58
3866	42
3867	46
3868	36
3869	41
3870	64
3871	51
3872	47
3873	33
3874	40
3875	45
3876	57
3877	45
3878	35
3879	43
3880	32
3881	39
3882	47
3883	37
3884	64
3885	44
3886	47
3887	47
3888	47
3889	33
3890	41
3891	46
3892	47
3893	52
3894	49
3895	34
3896	48
3897	49
3898	32
3899	34
3900	39
3901	54
3902	41
3903	65
3904	44
3905	32
3906	44
3907	39
3908	42
3909	59
3910	46
3911	54
3912	51
3913	33
3914	44
3915	41
3916	35
3917	47
3918	39
3919	46
3920	43
3921	47
3922	42
3923	39
3924	43
3925	43
3926	43
3927	44
3928	44
3929	57
3930	41
3931	42
3932	46
3933	36
3934	43
3935	39
3936	46
3937	33
3938	46
3939	50
3940	41
3941	45
3942	43
3943	48
3944	38
3945	38
3946	37
3947	46
3948	51
3949	48
3950	48
3951	47
3952	31
3953	58
3954	37
3955	45
3956	53
3957	49
3958	49
3959	36
3960	53
3961	55
3962	50
3963	39
3964	52
3965	49
3966	60
3967	33
3968	54
3969	44
3970	56
3971	42
3972	38
3973	39
3974	40
3975	45
3976	48
3977	52
3978	38
3979	60
3980	64
3981	40
3982	53
3983	52
3984	39
3985	54
3986	47
3987	45
3988	50
3989	52
3990	54
3991	49
3992	53
3993	47
3994	47
3995	47
3996	60
3997	49
3998	42
3999	36
4000	42
4001	42
4002	41
4003	61
4004	48
4005	60
4006	59
4007	58
4008	41
4009	56
4010	53
4011	46
4012	65
4013	55
4014	51
4015	44
4016	53
4017	41
4018	68
4019	62
4020	56
4021	45
4022	64
4023	59
4024	50
4025	49
4026	47
4027	57
4028	58
4029	67
4030	49
4031	57
4032	66
4033	48
4034	78
4035	62
4036	64
4037	59
4038	54
4039	75
4040	62
4041	68
4042	53
4043	70
4044	67
4045	75
4046	68
4047	67
4048	75
4049	54
4050	71
4051	55
4052	77
4053	76
4054	63
4055	77
4056	65
4057	76
4058	64
4059	67
4060	72
4061	64
4062	85
4063	82
4064	62
4065	77
4066	58
4067	74
4068	68
4069	67
4070	77
4071	74
4072	78
4073	62
4074	83
4075	84
4076	79
4077	77
4078	69
4079	70
4080	75
4081	74
4082	66
4083	82
4084	62
4085	87
4086	81
4087	64
4088	73
4089	84
4090	75
4091	73
4092	84
4093	90
4094	78
4095	64
4096	70
4097	71
4098	77
4099	71
4100	74
4101	86
4102	84
4103	74
4104	85
4105	58
4106	91
4107	82
4108	70
4109	78
4110	67
4111	84
4112	91
4113	77
4114	97
4115	79
4116	76
4117	87
4118	70
4119	88
4120	82
4121	79
4122	88
4123	74
4124	75
4125	72
4126	95
4127	66
4128	90
4129	83
4130	94
4131	94
4132	71
4133	108
4134	93
4135	86
4136	102
4137	78
4138	69
4139	95
4140	65
4141	74
4142	76
4143	90
4144	72
4145	81
4146	92
4147	76
4148	97
4149	90
4150	73
4151	103
4152	73
4153	98
4154	81
4155	82
4156	100
4157	90
4158	83
4159	88
4160	77
4161	77
4162	98
4163	87
4164	86
4165	93
4166	101
4167	74
4168	91
4169	86
4170	76
4171	105
4172	76
4173	85
4174	98
4175	88
4176	92
4177	88
4178	90
4179	105
4180	91
4181	106
4182	96
4183	91
4184	106
4185	101
4186	78
4187	87
4188	71
4189	93
4190	96
4191	65
4192	93
4193	93
4194	93
4195	82
4196	100
4197	82
4198	90
4199	74
4200	82
4201	85
4202	80
4203	70
4204	101
4205	79
4206	99
4207	94
4208	97
4209	92
4210	94
4211	100
4212	65
4213	77
4214	88
4215	88
4216	90
4217	76
4218	90
4219	88
4220	86
4221	90
4222	89
4223	83
4224	82
4225	92
4226	74
4227	76
4228	93
4229	69
4230	75
4231	86
4232	75
4233	80
4234	90
4235	81
4236	72
4237	87
4238	98
4239	84
4240	72
4241	83
4242	87
4243	96
4244	92
4245	69
4246	89
4247	83
4248	78
4249	72
4250	78
4251	84
4252	82
4253	69
4254	73
4255	92
4256	71
4257	77
4258	66
4259	63
4260	109
4261	78
4262	95
4263	73
4264	58
4265	94
4266	77
4267	74
4268	77
4269	59
4270	71
4271	59
4272	79
4273	70
4274	72
4275	75
4276	77
4277	76
4278	69
4279	60
4280	66
4281	69
4282	69
4283	74
4284	90
4285	74
4286	64
4287	75
4288	81
4289	73
4290	79
4291	68
4292	78
4293	64
4294	64
4295	59
4296	46
4297	53
4298	58
4299	79
4300	72
4301	66
4302	77
4303	70
4304	72
4305	63
4306	77
4307	62
4308	61
4309	57
4310	64
4311	66
4312	67
4313	57
4314	52
4315	67
4316	51
4317	66
4318	68
4319	53
4320	55
4321	48
4322	54
4323	54
4324	62
4325	65
4326	61
4327	55
4328	55
4329	52
4330	55
4331	68
4332	65
4333	46
4334	51
4335	51
4336	55
4337	53
4338	43
4339	42
4340	38
4341	46
4342	41
4343	49
4344	56
4345	50
4346	53
4347	52
4348	54
4349	50
4350	48
4351	40
4352	58
4353	47
4354	41
4355	50
4356	47
4357	45
4358	48
4359	49
4360	50
4361	41
4362	51
4363	40
4364	52
4365	46
4366	47
4367	49
4368	37
4369	45
4370	55
4371	50
4372	42
4373	55
4374	48
4375	48
4376	34
4377	44
4378	45
4379	54
4380	40
4381	44
4382	50
4383	36
4384	39
4385	48
4386	42
4387	40
4388	47
4389	38
4390	43
4391	33
4392	49
4393	45
4394	52
4395	49
4396	51
4397	36
4398	45
4399	41
4400	29
4401	39
4402	36
4403	31
4404	41
4405	42
4406	40
4407	44
4408	44
4409	47
4410	40
4411	33
4412	41
4413	37
4414	45
4415	33
4416	39
4417	34
4418	44
4419	52
4420	30
4421	32
4422	47
4423	36
4424	36
4425	35
4426	38
4427	37
4428	36
4429	31
4430	39
4431	47
4432	34
4433	30
4434	36
4435	40
4436	45
4437	33
4438	34
4439	38
4440	43
4441	40
4442	37
4443	47
4444	37
4445	38
4446	33
4447	40
4448	30
4449	24
4450	29
4451	40
4452	35
4453	51
4454	41
4455	40
4456	28
4457	49
4458	31
4459	41
4460	40
4461	32
4462	35
4463	38
4464	35
4465	46
4466	41
4467	38
4468	36
4469	41
4470	23
4471	32
4472	45
4473	47
4474	43
4475	38
4476	41
4477	33
4478	42
4479	46
4480	36
4481	33
4482	40
4483	37
4484	36
4485	39
4486	48
4487	36
4488	45
4489	42
4490	41
4491	37
4492	38
4493	34
4494	39
4495	35
4496	34
4497	43
4498	43
4499	43
4500	39
4501	46
4502	39
4503	29
4504	55
4505	41
4506	46
4507	41
4508	36
4509	29
4510	47
4511	47
4512	50
4513	46
4514	55
4515	40
4516	39
4517	44
4518	36
4519	42
4520	49
4521	41
4522	34
4523	47
4524	37
4525	46
4526	46
4527	41
4528	35
4529	50
4530	40
4531	50
4532	40
4533	30
4534	40
4535	53
4536	44
4537	46
4538	36
4539	41
4540	33
4541	36
4542	47
4543	41
4544	42
4545	38
4546	42
4547	45
4548	49
4549	41
4550	26
4551	37
4552	48
4553	38
4554	47
4555	43
4556	45
4557	50
4558	50
4559	42
4560	43
4561	51
4562	31
4563	41
4564	39
4565	40
4566	49
4567	48
4568	51
4569	41
4570	43
4571	46
4572	41
4573	44
4574	35
4575	32
4576	54
4577	36
4578	51
4579	43
4580	45
4581	57
4582	44
4583	29
4584	32
4585	38
4586	36
4587	36
4588	47
4589	47
4590	40
4591	39
4592	33
4593	37
4594	37
4595	39
4596	35
4597	41
4598	40
4599	44
4600	47
4601	55
4602	40
4603	29
4604	45
4605	29
4606	24
4607	32
4608	35
4609	38
4610	37
4611	32
4612	58
4613	36
4614	51
4615	43
4616	38
4617	39
4618	42
4619	40
4620	32
4621	37
4622	36
4623	44
4624	45
4625	46
4626	38
4627	31
4628	44
4629	33
4630	48
4631	39
4632	49
4633	47
4634	39
4635	29
4636	40
4637	39
4638	54
4639	38
4640	39
4641	55
4642	30
4643	47
4644	24
4645	44
4646	34
4647	49
4648	30
4649	36
4650	52
4651	32
4652	36
4653	40
4654	41
4655	43
4656	52
4657	50
4658	35
4659	38
4660	35
4661	43
4662	38
4663	32
4664	41
4665	33
4666	49
4667	36
4668	45
4669	35
4670	37
4671	42
4672	34
4673	44
4674	29
4675	46
4676	36
4677	36
4678	32
4679	35
4680	47
4681	43
4682	37
4683	43
4684	37
4685	42
4686	37
4687	34
4688	38
4689	31
4690	41
4691	32
4692	37
4693	35
4694	33
4695	34
4696	46
4697	36
4698	32
4699	21
4700	35
4701	38
4702	29
4703	37
4704	42
4705	33
4706	40
4707	27
4708	32
4709	27
4710	37
4711	40
4712	46
4713	36
4714	36
4715	30
4716	41
4717	49
4718	34
4719	41
4720	39
4721	25
4722	26
4723	33
4724	34
4725	42
4726	31
4727	40
4728	40
4729	35
4730	32
4731	36
4732	30
4733	35
4734	31
4735	37
4736	32
4737	28
4738	32
4739	28
4740	29
4741	32
4742	31
4743	33
4744	23
4745	27
4746	37
4747	36
4748	25
4749	30
4750	41
4751	23
4752	25
4753	29
4754	34
4755	29
4756	35
4757	27
4758	31
4759	39
4760	37
4761	29
4762	35
4763	39
4764	25
4765	28
4766	34
4767	27
4768	36
4769	30
4770	29
4771	38
4772	31
4773	29
4774	33
4775	27
4776	33
4777	33
4778	32
4779	39
4780	33
4781	22
4782	41
4783	37
4784	29
4785	26
4786	28
4787	25
4788	43
4789	24
4790	26
4791	22
4792	30
4793	40
4794	18
4795	34
4796	28
4797	32
4798	33
4799	24
4800	28
4801	28
4802	35
4803	31
4804	44
4805	37
4806	28
4807	21
4808	19
4809	37
4810	35
4811	33
4812	29
4813	35
4814	34
4815	34
4816	36
4817	28
4818	35
4819	23
4820	38
4821	34
4822	28
4823	36
4824	26
4825	33
4826	39
4827	29
4828	31
4829	38
4830	27
4831	30
4832	34
4833	27
4834	38
4835	31
4836	27
4837	39
4838	37
4839	37
4840	40
4841	29
4842	26
4843	24
4844	27
4845	32
4846	27
4847	32
4848	30
4849	43
4850	40
4851	40
4852	31
4853	30
4854	26
4855	30
4856	41
4857	42
4858	28
4859	20
4860	32
4861	41
4862	31
4863	25
4864	35
4865	39
4866	27
4867	25
4868	30
4869	44
4870	26
4871	37
4872	35
4873	38
4874	37
4875	38
4876	32
4877	37
4878	25
4879	44
4880	28
4881	42
4882	33
4883	37
4884	29
4885	36
4886	32
4887	31
4888	36
4889	41
4890	36
4891	38
4892	31
4893	28
4894	32
4895	35
4896	35
4897	38
4898	35
4899	37
4900	41
4901	46
4902	39
4903	30
4904	34
4905	43
4906	39
4907	42
4908	29
4909	34
4910	41
4911	34
4912	37
4913	36
4914	30
4915	54
4916	31
4917	51
4918	40
4919	30
4920	36
4921	42
4922	34
4923	44
4924	39
4925	35
4926	32
4927	53
4928	44
4929	50
4930	49
4931	40
4932	42
4933	48
4934	42
4935	51
4936	38
4937	34
4938	44
4939	42
4940	51
4941	39
4942	49
4943	43
4944	47
4945	30
4946	59
4947	48
4948	38
4949	47
4950	53
4951	43
4952	44
4953	33
4954	43
4955	45
4956	48
4957	41
4958	62
4959	47
4960	46
4961	42
4962	45
4963	43
4964	42
4965	61
4966	65
4967	56
4968	34
4969	54
4970	65
4971	50
4972	72
4973	62
4974	64
4975	35
4976	47
4977	41
4978	47
4979	59
4980	58
4981	46
4982	59
4983	52
4984	49
4985	56
4986	51
4987	45
4988	49
4989	51
4990	40
4991	66
4992	56
4993	54
4994	50
4995	64
4996	56
4997	69
4998	47
4999	64
5000	62
5001	56
5002	52
5003	53
5004	49
5005	63
5006	56
5007	54
5008	54
5009	58
5010	65
5011	57
5012	49
5013	57
5014	49
5015	57
5016	53
5017	55
5018	60
5019	48
5020	63
5021	60
5022	59
5023	48
5024	71
5025	57
5026	45
5027	69
5028	62
5029	64
5030	66
5031	62
5032	60
5033	66
5034	71
5035	77
5036	60
5037	60
5038	41
5039	63
5040	61
5041	71
5042	64
5043	54
5044	61
5045	63
5046	72
5047	42
5048	67
5049	60
5050	67
5051	53
5052	67
5053	67
5054	77
5055	64
5056	46
5057	56
5058	73
5059	65
5060	65
5061	64
5062	77
5063	67
5064	55
5065	67
5066	75
5067	56
5068	61
5069	62
5070	61
5071	51
5072	51
5073	58
5074	61
5075	58
5076	60
5077	65
5078	61
5079	61
5080	53
5081	70
5082	63
5083	61
5084	47
5085	61
5086	73
5087	55
5088	54
5089	53
5090	63
5091	62
5092	76
5093	59
5094	65
5095	56
5096	69
5097	65
5098	57
5099	63
5100	54
5101	70
5102	77
5103	57
5104	59
5105	56
5106	56
5107	73
5108	58
5109	78
5110	62
5111	66
5112	57
5113	67
5114	49
5115	62
5116	77
5117	69
5118	82
5119	63
5120	61
5121	57
5122	68
5123	62
5124	62
5125	57
5126	66
5127	46
5128	63
5129	51
5130	60
5131	51
5132	53
5133	60
5134	49
5135	61
5136	59
5137	60
5138	58
5139	60
5140	54
5141	49
5142	50
5143	54
5144	39
5145	64
5146	63
5147	60
5148	45
5149	56
5150	71
5151	66
5152	50
5153	59
5154	50
5155	63
5156	61
5157	56
5158	64
5159	48
5160	54
5161	49
5162	58
5163	52
5164	60
5165	56
5166	56
5167	61
5168	50
5169	49
5170	57
5171	62
5172	48
5173	54
5174	47
5175	58
5176	44
5177	61
5178	46
5179	67
5180	42
5181	61
5182	57
5183	46
5184	52
5185	56
5186	39
5187	48
5188	41
5189	51
5190	53
5191	46
5192	43
5193	48
5194	39
5195	42
5196	44
5197	39
5198	46
5199	47
5200	41
5201	47
5202	51
5203	49
5204	39
5205	52
5206	42
5207	44
5208	41
5209	40
5210	46
5211	36
5212	32
5213	54
5214	43
5215	47
5216	50
5217	50
5218	36
5219	29
5220	44
5221	40
5222	40
5223	30
5224	28
5225	44
5226	28
5227	41
5228	36
5229	40
5230	30
5231	42
5232	42
5233	35
5234	31
5235	38
5236	46
5237	46
5238	31
5239	34
5240	45
5241	43
5242	33
5243	32
5244	39
5245	46
5246	23
5247	32
5248	37
5249	35
5250	45
5251	20
5252	31
5253	33
5254	28
5255	36
5256	29
5257	39
5258	24
5259	24
5260	34
5261	36
5262	35
5263	40
5264	34
5265	34
5266	41
5267	31
5268	27
5269	28
5270	26
5271	28
5272	32
5273	24
5274	24
5275	34
5276	33
5277	19
5278	31
5279	34
5280	28
5281	25
5282	26
5283	26
5284	40
5285	23
5286	30
5287	28
5288	22
5289	21
5290	25
5291	23
5292	27
5293	22
5294	29
5295	30
5296	38
5297	22
5298	31
5299	27
5300	32
5301	21
5302	20
5303	24
5304	34
5305	27
5306	24
5307	30
5308	20
5309	17
5310	19
5311	23
5312	26
5313	24
5314	23
5315	28
5316	27
5317	21
5318	26
5319	33
5320	20
5321	28
5322	18
5323	24
5324	28
5325	33
5326	16
5327	22
5328	22
5329	24
5330	39
5331	13
5332	20
5333	23
5334	28
5335	19
5336	25
5337	19
5338	24
5339	22
5340	18
5341	25
5342	23
5343	21
5344	22
5345	24
5346	15
5347	13
5348	20
5349	21
5350	28
5351	29
5352	18
5353	25
5354	20
5355	27
5356	14
5357	15
5358	19
5359	22
5360	24
5361	26
5362	11
5363	13
5364	26
5365	21
5366	19
5367	23
5368	27
5369	14
5370	21
5371	17
5372	26
5373	20
5374	22
5375	18
5376	21
5377	18
5378	19
5379	13
5380	19
5381	15
5382	19
5383	14
5384	22
5385	21
5386	25
5387	22
5388	26
5389	21
5390	13
5391	23
5392	19
5393	25
5394	22
5395	21
5396	22
5397	20
5398	15
5399	21
5400	16
5401	28
5402	22
5403	16
5404	24
5405	25
5406	32
5407	22
5408	15
5409	19
5410	32
5411	27
5412	25
5413	26
5414	21
5415	20
5416	21
5417	17
5418	26
5419	19
5420	17
5421	22
5422	30
5423	19
5424	29
5425	15
5426	21
5427	27
5428	21
5429	31
5430	27
5431	22
5432	25
5433	27
5434	22
5435	16
5436	21
5437	20
5438	28
5439	33
5440	31
5441	20
5442	26
5443	25
5444	22
5445	15
5446	30
5447	25
5448	22
5449	24
5450	29
5451	18
5452	22
5453	22
5454	30
5455	27
5456	27
5457	25
5458	25
5459	22
5460	23
5461	25
5462	32
5463	25
5464	21
5465	22
5466	27
5467	37
5468	23
5469	25
5470	19
5471	35
5472	30
5473	30
5474	34
5475	23
5476	33
5477	21
5478	34
5479	29
5480	32
5481	29
5482	26
5483	30
5484	32
5485	34
5486	31
5487	33
5488	38
5489	30
5490	31
5491	32
5492	37
5493	30
5494	27
5495	34
5496	38
5497	26
5498	36
5499	40
5500	35
5501	28
5502	35
5503	35
5504	37
5505	29
5506	32
5507	29
5508	30
5509	34
5510	31
5511	46
5512	33
5513	50
5514	40
5515	36
5516	29
5517	29
5518	48
5519	25
5520	40
5521	34
5522	35
5523	38
5524	52
5525	43
5526	30
5527	46
5528	44
5529	40
5530	45
5531	32
5532	33
5533	34
5534	31
5535	48
5536	44
5537	36
5538	51
5539	48
5540	39
5541	47
5542	34
5543	33
5544	43
5545	41
5546	39
5547	47
5548	49
5549	40
5550	63
5551	46
5552	38
5553	45
5554	44
5555	60
5556	49
5557	48
5558	46
5559	49
5560	35
5561	56
5562	55
5563	67
5564	49
5565	51
5566	52
5567	44
5568	45
5569	49
5570	55
5571	57
5572	57
5573	39
5574	46
5575	59
5576	51
5577	58
5578	50
5579	48
5580	52
5581	53
5582	54
5583	53
5584	45
5585	63
5586	59
5587	50
5588	43
5589	50
5590	47
5591	69
5592	44
5593	63
5594	60
5595	69
5596	68
5597	53
5598	41
5599	57
5600	52
5601	58
5602	56
5603	58
5604	72
5605	49
5606	54
5607	66
5608	49
5609	62
5610	66
5611	65
5612	58
5613	65
5614	45
5615	61
5616	56
5617	63
5618	65
5619	56
5620	59
5621	66
5622	69
5623	61
5624	59
5625	66
5626	73
5627	76
5628	58
5629	76
5630	64
5631	56
5632	76
5633	74
5634	52
5635	73
5636	66
5637	69
5638	61
5639	70
5640	71
5641	59
5642	86
5643	63
5644	63
5645	84
5646	55
5647	68
5648	62
5649	60
5650	65
5651	62
5652	57
5653	65
5654	79
5655	61
5656	72
5657	57
5658	67
5659	66
5660	70
5661	87
5662	85
5663	75
5664	68
5665	64
5666	76
5667	69
5668	69
5669	72
5670	73
5671	69
5672	65
5673	76
5674	81
5675	66
5676	60
5677	69
5678	71
5679	76
5680	67
5681	79
5682	57
5683	64
5684	64
5685	68
5686	72
5687	67
5688	79
5689	71
5690	70
5691	70
5692	68
5693	63
5694	82
5695	74
5696	68
5697	67
5698	70
5699	74
5700	80
5701	87
5702	81
5703	77
5704	71
5705	62
5706	90
5707	85
5708	95
5709	89
5710	63
5711	81
5712	77
5713	77
5714	77
5715	85
5716	76
5717	82
5718	83
5719	71
5720	77
5721	101
5722	73
5723	74
5724	62
5725	79
5726	72
5727	73
5728	78
5729	74
5730	72
5731	56
5732	70
5733	78
5734	75
5735	67
5736	74
5737	77
5738	81
5739	85
5740	60
5741	72
5742	75
5743	80
5744	89
5745	62
5746	82
5747	65
5748	79
5749	67
5750	72
5751	72
5752	79
5753	83
5754	75
5755	73
5756	65
5757	62
5758	88
5759	88
5760	83
5761	70
5762	94
5763	80
5764	75
5765	68
5766	63
5767	82
5768	62
5769	78
5770	67
5771	71
5772	72
5773	70
5774	52
5775	63
5776	66
5777	78
5778	84
5779	64
5780	70
5781	72
5782	71
5783	66
5784	80
5785	59
5786	79
5787	66
5788	61
5789	68
5790	67
5791	65
5792	74
5793	69
5794	54
5795	86
5796	73
5797	76
5798	72
5799	69
5800	55
5801	57
5802	73
5803	82
5804	73
5805	57
5806	68
5807	74
5808	60
5809	64
5810	63
5811	56
5812	69
5813	66
5814	57
5815	54
5816	61
5817	54
5818	60
5819	58
5820	64
5821	82
5822	54
5823	60
5824	50
5825	63
5826	58
5827	73
5828	59
5829	57
5830	63
5831	58
5832	61
5833	63
5834	56
5835	48
5836	60
5837	63
5838	59
5839	52
5840	43
5841	55
5842	39
5843	53
5844	50
5845	55
5846	60
5847	52
5848	53
5849	61
5850	51
5851	58
5852	49
5853	49
5854	52
5855	55
5856	52
5857	52
5858	37
5859	51
5860	44
5861	47
5862	49
5863	57
5864	43
5865	48
5866	49
5867	47
5868	49
5869	45
5870	55
5871	48
5872	52
5873	40
5874	49
5875	47
5876	42
5877	60
5878	57
5879	39
5880	52
5881	33
5882	51
5883	43
5884	38
5885	43
5886	55
5887	43
5888	37
5889	30
5890	51
5891	33
5892	41
5893	43
5894	46
5895	36
5896	41
5897	30
5898	30
5899	25
5900	34
5901	29
5902	41
5903	29
5904	38
5905	32
5906	41
5907	34
5908	30
5909	30
5910	30
5911	39
5912	36
5913	35
5914	39
5915	39
5916	33
5917	31
5918	31
5919	43
5920	30
5921	36
5922	34
5923	36
5924	26
5925	36
5926	23
5927	28
5928	30
5929	35
5930	25
5931	31
5932	38
5933	30
5934	30
5935	24
5936	33
5937	36
5938	45
5939	27
5940	33
5941	30
5942	26
5943	28
5944	29
5945	26
5946	19
5947	24
5948	16
5949	27
5950	22
5951	23
5952	28
5953	26
5954	27
5955	22
5956	25
5957	26
5958	25
5959	24
5960	30
5961	18
5962	28
5963	13
5964	23
5965	19
5966	20
5967	32
5968	15
5969	25
5970	17
5971	26
5972	33
5973	20
5974	15
5975	14
5976	21
5977	20
5978	19
5979	39
5980	22
5981	18
5982	24
5983	26
5984	17
5985	21
5986	23
5987	16
5988	20
5989	15
5990	10
5991	16
5992	21
5993	20
5994	23
5995	18
5996	19
5997	14
5998	23
5999	20
6000	19
6001	13
6002	21
6003	13
6004	19
6005	18
6006	22
6007	18
6008	15
6009	12
6010	21
6011	25
6012	14
6013	23
6014	14
6015	17
6016	10
6017	19
6018	18
6019	17
6020	23
6021	15
6022	19
6023	16
6024	23
6025	12
6026	15
6027	16
6028	13
6029	15
6030	19
6031	19
6032	16
6033	17
6034	14
6035	19
6036	16
6037	22
6038	11
6039	25
6040	9
6041	26
6042	20
6043	12
6044	13
6045	14
6046	9
6047	11
6048	13
6049	15
6050	14
6051	14
6052	16
6053	14
6054	9
6055	18
6056	16
6057	12
6058	12
6059	21
6060	17
6061	12
6062	16
6063	7
6064	8
6065	16
6066	12
6067	10
6068	8
6069	9
6070	18
6071	15
6072	7
6073	15
6074	13
6075	18
6076	8
6077	11
6078	15
6079	13
6080	13
6081	13
6082	8
6083	13
6084	6
6085	12
6086	7
6087	13
6088	12
6089	17
6090	5
6091	6
6092	12
6093	13
6094	15
6095	11
6096	10
6097	14
6098	9
6099	17
6100	13
6101	11
6102	17
6103	12
6104	16
6105	9
6106	9
6107	15
6108	7
6109	7
6110	12
6111	20
6112	10
6113	7
6114	14
6115	13
6116	11
6117	8
6118	11
6119	10
6120	12
6121	10
6122	15
6123	7
6124	4
6125	12
6126	9
6127	11
6128	9
6129	12
6130	6
6131	17
6132	7
6133	9
6134	9
6135	13
6136	9
6137	13
6138	3
6139	5
6140	9
6141	13
6142	8
6143	4
6144	16
6145	6
6146	11
6147	9
6148	4
6149	13
6150	11
6151	15
6152	11
6153	11
6154	8
6155	4
6156	10
6157	5
6158	12
6159	7
6160	5
6161	8
6162	4
6163	4
6164	10
6165	7
6166	8
6167	10
6168	5
6169	9
6170	12
6171	8
6172	12
6173	12
6174	6
6175	6
6176	7
6177	16
6178	13
6179	9
6180	10
6181	11
6182	14
6183	1
6184	11
6185	9
6186	20
6187	11
6188	8
6189	8
6190	12
6191	8
6192	14
6193	13
6194	11
6195	16
6196	15
6197	8
6198	4
6199	14
6200	10
6201	4
6202	17
6203	11
6204	12
6205	12
6206	9
6207	7
6208	10
6209	9
6210	14
6211	5
6212	16
6213	14
6214	5
6215	11
6216	11
6217	13
6218	7
6219	7
6220	13
6221	8
6222	9
6223	10
6224	8
6225	10
6226	11
6227	10
6228	8
6229	8
6230	9
6231	11
6232	3
6233	13
6234	11
6235	9
6236	10
6237	11
6238	16
6239	9
6240	6
6241	8
6242	14
6243	12
6244	10
6245	10
6246	9
6247	10
6248	8
6249	6
6250	19
6251	13
6252	11
6253	11
6254	7
6255	14
6256	7
6257	5
6258	5
6259	6
6260	5
6261	8
6262	9
6263	6
6264	7
6265	7
6266	7
6267	11
6268	7
6269	6
6270	11
6271	6
6272	12
6273	7
6274	8
6275	6
6276	8
6277	13
6278	9
6279	14
6280	5
6281	6
6282	5
6283	8
6284	11
6285	8
6286	12
6287	4
6288	9
6289	6
6290	5
6291	4
6292	14
6293	4
6294	10
6295	6
6296	8
6297	4
6298	10
6299	7
6300	8
6301	5
6302	11
6303	9
6304	6
6305	8
6306	8
6307	6
6308	4
6309	14
6310	5
6311	8
6312	5
6313	5
6314	7
6315	2
6316	13
6317	6
6318	13
6319	9
6320	4
6321	8
6322	4
6323	6
6324	9
6325	6
6326	2
6327	11
6328	3
6329	6
6330	5
6331	10
6332	7
6333	8
6334	4
6335	6
6336	10
6337	8
6338	5
6339	9
6340	11
6341	6
6342	5
6343	4
6344	6
6345	11
6346	7
6347	9
6348	7
6349	7
6350	4
6351	12
6352	6
6353	8
6354	11
6355	5
6356	8
6357	6
6358	9
6359	9
6360	7
6361	5
6362	5
6363	6
6364	4
6365	5
6366	8
6367	6
6368	6
6369	4
6370	5
6371	9
6372	4
6373	9
6374	8
6375	7
6376	6
6377	8
6378	7
6379	9
6380	2
6381	10
6382	13
6383	6
6384	8
6385	6
6386	5
6387	8
6388	4
6389	4
6390	3
6391	8
6392	8
6393	3
6394	6
6395	6
6396	9
6397	4
6398	9
6399	5
6400	4
6401	6
6402	10
6403	7
6404	9
6405	3
6406	9
6407	2
6408	6
6409	5
6410	6
6411	6
6412	7
6413	9
6414	8
6415	5
6416	8
6417	11
6418	13
6419	8
6420	7
6421	5
6422	9
6423	7
6424	4
6425	4
6426	10
6427	5
6428	7
6429	11
6430	1
6431	3
6432	4
6433	6
6434	8
6435	8
6436	12
6437	7
6438	5
6439	10
6440	3
6441	4
6442	2
6443	3
6444	6
6445	5
6446	5
6447	8
6448	12
6449	10
6450	5
6451	6
6452	6
6453	8
6454	13
6455	2
6456	5
6457	6
6458	9
6459	8
6460	4
6461	4
6462	4
6463	6
6464	3
6465	5
6466	9
6467	8
6468	3
6469	7
6470	6
6471	8
6472	4
6473	2
6474	6
6475	9
6476	9
6477	5
6478	4
6479	10
6480	4
6481	3
6482	7
6483	4
6484	7
6485	6
6486	8
6487	4
6488	4
6489	5
6490	5
6491	7
6492	10
6493	6
6494	9
6495	3
6496	2
6497	10
6498	3
6499	8
6500	7
6501	7
6502	5
6503	8
6504	8
6505	6
6506	5
6507	4
6508	3
6509	6
6510	3
6511	2
6512	4
6513	8
6514	11
6515	5
6516	1
6517	8
6518	6
6519	7
6520	6
6521	8
6522	10
6523	6
6524	5
6525	6
6526	8
6527	9
6528	6
6529	7
6530	11
6531	8
6532	7
6533	6
6534	7
6535	6
6536	9
6537	8
6538	5
6539	6
6540	6
6541	4
6542	5
6543	8
6544	4
6545	3
6546	2
6547	7
6548	4
6549	7
6550	2
6551	7
6552	12
6553	7
6554	10
6555	2
6556	8
6557	6
6558	7
6559	8
6560	3
6561	13
6562	5
6563	4
6564	4
6565	5
6566	7
6567	9
6568	2
6569	8
6570	5
6571	2
6572	7
6573	4
6574	3
6575	4
6576	9
6577	7
6578	6
6579	4
6580	6
6581	7
6582	3
6583	12
6584	11
6585	3
6586	8
6587	6
6588	4
6589	11
6590	4
6591	7
6592	5
6593	7
6594	6
6595	7
6596	4
6597	8
6598	11
6599	9
6600	5
6601	7
6602	7
6603	4
6604	9
6605	12
6606	7
6607	6
6608	4
6609	8
6610	2
6611	5
6612	11
6613	4
6614	8
6615	7
6616	5
6617	9
6618	3
6619	5
6620	8
6621	7
6622	9
6623	2
6624	5
6625	10
6626	8
6627	7
6628	11
6629	6
6630	6
6631	12
6632	8
6633	8
6634	3
6635	4
6636	9
6637	5
6638	5
6639	7
6640	11
6641	7
6642	8
6643	8
6644	10
6645	6
6646	9
6647	5
6648	8
6649	5
6650	9
6651	3
6652	8
6653	6
6654	5
6655	8
6656	7
6657	9
6658	6
6659	5
6660	7
6661	5
6662	2
6663	8
6664	14
6665	3
6666	7
6667	4
6668	6
6669	4
6670	7
6671	5
6672	8
6673	8
6674	8
6675	2
6676	8
6677	3
6678	6
6679	5
6680	4
6681	5
6682	2
6683	4
6684	8
6685	5
6686	11
6687	4
6688	7
6689	8
6690	7
6691	3
6692	9
6693	5
6694	4
6695	4
6696	4
6697	0
6698	4
6699	6
6700	6
6701	6
6702	5
6703	5
6704	8
6705	8
6706	6
6707	7
6708	9
6709	6
6710	5
6711	4
6712	10
6713	8
6714	2
6715	6
6716	9
6717	7
6718	5
6719	3
6720	4
6721	6
6722	8
6723	6
6724	3
6725	6
6726	3
6727	2
6728	9
6729	8
6730	3
6731	2
6732	5
6733	4
6734	7
6735	6
6736	6
6737	8
6738	8
6739	10
6740	5
6741	6
6742	9
6743	3
6744	7
6745	7
6746	4
6747	10
6748	6
6749	8
6750	4
6751	7
6752	7
6753	6
6754	8
6755	7
6756	4
6757	3
6758	9
6759	5
6760	5
6761	7
6762	5
6763	2
6764	6
6765	9
6766	7
6767	6
6768	8
6769	9
6770	8
6771	9
6772	7
6773	7
6774	10
6775	10
6776	6
6777	7
6778	4
6779	6
6780	7
6781	4
6782	7
6783	3
6784	7
6785	6
6786	12
6787	2
6788	5
6789	12
6790	6
6791	6
6792	5
6793	8
6794	10
6795	7
6796	10
6797	8
6798	11
6799	5
6800	8
6801	4
6802	7
6803	7
6804	11
6805	6
6806	11
6807	6
6808	4
6809	9
6810	14
6811	5
6812	10
6813	8
6814	12
6815	11
6816	9
6817	7
6818	14
6819	14
6820	12
6821	10
6822	7
6823	4
6824	6
6825	11
6826	7
6827	11
6828	16
6829	7
6830	10
6831	7
6832	15
6833	7
6834	13
6835	11
6836	13
6837	7
6838	11
6839	11
6840	8
6841	9
6842	4
6843	9
6844	15
6845	13
6846	11
6847	15
6848	10
6849	14
6850	17
6851	14
6852	17
6853	12
6854	11
6855	15
6856	14
6857	15
6858	13
6859	14
6860	10
6861	14
6862	15
6863	14
6864	8
6865	20
6866	15
6867	15
6868	16
6869	12
6870	16
6871	11
6872	14
6873	15
6874	8
6875	11
6876	12
6877	13
6878	15
6879	20
6880	12
6881	17
6882	13
6883	8
6884	12
6885	12
6886	8
6887	21
6888	12
6889	11
6890	14
6891	17
6892	13
6893	22
6894	13
6895	12
6896	15
6897	19
6898	20
6899	13
6900	16
6901	30
6902	16
6903	16
6904	13
6905	15
6906	18
6907	16
6908	22
6909	15
6910	15
6911	20
6912	17
6913	17
6914	24
6915	19
6916	25
6917	22
6918	19
6919	24
6920	19
6921	15
6922	28
6923	18
6924	27
6925	24
6926	19
6927	20
6928	16
6929	25
6930	21
6931	25
6932	16
6933	23
6934	25
6935	15
6936	23
6937	20
6938	27
6939	16
6940	22
6941	32
6942	21
6943	21
6944	23
6945	29
6946	21
6947	20
6948	22
6949	19
6950	34
6951	20
6952	27
6953	28
6954	28
6955	29
6956	28
6957	28
6958	18
6959	25
6960	24
6961	26
6962	30
6963	29
6964	37
6965	21
6966	36
6967	34
6968	27
6969	22
6970	27
6971	45
6972	32
6973	31
6974	30
6975	28
6976	35
6977	33
6978	28
6979	35
6980	38
6981	40
6982	41
6983	32
6984	25
6985	31
6986	28
6987	35
6988	33
6989	40
6990	33
6991	22
6992	34
6993	34
6994	50
6995	44
6996	36
6997	39
6998	34
6999	30
7000	35
7001	23
7002	28
7003	45
7004	33
7005	46
7006	25
7007	34
7008	34
7009	35
7010	31
7011	42
7012	29
7013	31
7014	35
7015	45
7016	37
7017	33
7018	34
7019	44
7020	37
7021	37
7022	33
7023	40
7024	41
7025	51
7026	38
7027	42
7028	42
7029	32
7030	31
7031	41
7032	43
7033	22
7034	46
7035	41
7036	37
7037	52
7038	41
7039	46
7040	37
7041	41
7042	23
7043	40
7044	41
7045	48
7046	38
7047	50
7048	41
7049	55
7050	41
7051	39
7052	46
7053	32
7054	42
7055	47
7056	51
7057	30
7058	37
7059	39
7060	40
7061	63
7062	32
7063	35
7064	39
7065	39
7066	38
7067	38
7068	39
7069	41
7070	38
7071	28
7072	42
7073	48
7074	45
7075	46
7076	45
7077	44
7078	42
7079	46
7080	43
7081	35
7082	38
7083	47
7084	35
7085	50
7086	45
7087	52
7088	36
7089	33
7090	44
7091	41
7092	37
7093	52
7094	37
7095	37
7096	44
7097	28
7098	33
7099	50
7100	42
7101	39
7102	38
7103	37
7104	38
7105	52
7106	37
7107	41
7108	55
7109	31
7110	51
7111	50
7112	43
7113	51
7114	40
7115	41
7116	47
7117	39
7118	54
7119	56
7120	53
7121	40
7122	33
7123	46
7124	47
7125	39
7126	40
7127	51
7128	34
7129	46
7130	44
7131	26
7132	41
7133	43
7134	43
7135	42
7136	43
7137	44
7138	38
7139	44
7140	48
7141	45
7142	46
7143	44
7144	35
7145	35
7146	36
7147	43
7148	44
7149	43
7150	41
7151	43
7152	33
7153	33
7154	37
7155	35
7156	35
7157	38
7158	38
7159	40
7160	33
7161	45
7162	27
7163	32
7164	38
7165	37
7166	25
7167	37
7168	33
7169	34
7170	42
7171	30
7172	43
7173	36
7174	29
7175	27
7176	33
7177	36
7178	26
7179	36
7180	33
7181	24
7182	35
7183	28
7184	27
7185	38
7186	38
7187	36
7188	35
7189	42
7190	37
7191	33
7192	40
7193	28
7194	33
7195	31
7196	36
7197	31
7198	36
7199	34
7200	31
7201	28
7202	19
7203	31
7204	21
7205	32
7206	45
7207	27
7208	31
7209	32
7210	34
7211	39
7212	26
7213	28
7214	25
7215	33
7216	30
7217	20
7218	25
7219	24
7220	22
7221	36
7222	25
7223	24
7224	29
7225	26
7226	24
7227	31
7228	28
7229	25
7230	20
7231	22
7232	21
7233	25
7234	25
7235	27
7236	25
7237	27
7238	23
7239	27
7240	27
7241	23
7242	30
7243	20
7244	24
7245	24
7246	31
7247	21
7248	22
7249	29
7250	25
7251	21
7252	23
7253	26
7254	32
7255	24
7256	18
7257	23
7258	15
7259	7
7260	30
7261	21
7262	18
7263	24
7264	16
7265	26
7266	17
7267	16
7268	17
7269	14
7270	15
7271	20
7272	17
7273	18
7274	18
7275	15
7276	21
7277	22
7278	8
7279	24
7280	19
7281	15
7282	14
7283	17
7284	17
7285	11
7286	27
7287	15
7288	14
7289	18
7290	14
7291	18
7292	21
7293	21
7294	13
7295	10
7296	17
7297	11
7298	10
7299	13
7300	9
7301	11
7302	14
7303	16
7304	19
7305	11
7306	13
7307	13
7308	4
7309	9
7310	19
7311	6
7312	9
7313	6
7314	9
7315	13
7316	17
7317	12
7318	11
7319	12
7320	10
7321	13
7322	18
7323	15
7324	16
7325	17
7326	13
7327	11
7328	8
7329	12
7330	16
7331	4
7332	9
7333	9
7334	11
7335	5
7336	13
7337	4
7338	10
7339	16
7340	8
7341	11
7342	1
7343	5
7344	12
7345	8
7346	13
7347	8
7348	8
7349	8
7350	12
7351	13
7352	4
7353	7
7354	7
7355	15
7356	15
7357	9
7358	7
7359	9
7360	2
7361	16
7362	7
7363	7
7364	8
7365	11
7366	12
7367	7
7368	7
7369	7
7370	10
7371	6
7372	5
7373	7
7374	8
7375	8
7376	8
7377	6
7378	9
7379	3
7380	5
7381	8
7382	4
7383	4
7384	8
7385	4
7386	5
7387	6
7388	5
7389	4
7390	9
7391	6
7392	6
7393	11
7394	8
7395	6
7396	8
7397	5
7398	10
7399	4
7400	8
7401	4
7402	2
7403	2
7404	9
7405	4
7406	3
7407	4
7408	8
7409	3
7410	5
7411	3
7412	7
7413	7
7414	4
7415	8
7416	2
7417	4
7418	4
7419	4
7420	6
7421	5
7422	8
7423	3
7424	8
7425	4
7426	2
7427	5
7428	4
7429	2
7430	3
7431	8
7432	3
7433	4
7434	1
7435	6
7436	7
7437	7
7438	1
7439	4
7440	1
7441	1
7442	7
7443	1
7444	5
7445	1
7446	2
7447	2
7448	5
7449	7
7450	2
7451	6
7452	6
7453	5
7454	4
7455	2
7456	6
7457	2
7458	5
7459	5
7460	0
7461	1
7462	1
7463	2
7464	3
7465	6
7466	3
7467	1
7468	1
7469	3
7470	0
7471	3
7472	5
7473	4
7474	3
7475	2
7476	4
7477	4
7478	1
7479	3
7480	1
7481	4
7482	0
7483	4
7484	7
7485	4
7486	0
7487	3
7488	2
7489	3
7490	4
7491	3
7492	3
7493	1
7494	1
7495	6
7496	3
7497	6
7498	0
7499	4
7500	1
7501	3
7502	1
7503	3
7504	0
7505	4
7506	2
7507	5
7508	2
7509	0
7510	1
7511	3
7512	1
7513	3
7514	2
7515	2
7516	3
7517	1
7518	3
7519	0
7520	2
7521	2
7522	0
7523	3
7524	1
7525	4
7526	3
7527	1
7528	2
7529	3
7530	5
7531	0
7532	0
7533	1
7534	4
7535	1
7536	1
7537	2
7538	1
7539	0
7540	2
7541	1
7542	3
7543	2
7544	2
7545	2
7546	2
7547	0
7548	1
7549	3
7550	3
7551	0
7552	2
7553	3
7554	3
7555	0
7556	4
7557	1
7558	6
7559	4
7560	1
7561	1
7562	2
7563	2
7564	1
7565	1
7566	1
7567	3
7568	0
7569	1
7570	0
7571	0
7572	1
7573	1
7574	1
7575	0
7576	1
7577	1
7578	2
7579	1
7580	4
7581	2
7582	3
7583	1
7584	1
7585	3
7586	2
7587	2
7588	0
7589	0
7590	0
7591	3
7592	6
7593	2
7594	1
7595	1
7596	2
7597	0
7598	5
7599	0
7600	4
7601	1
7602	3
7603	0
7604	0
7605	0
7606	4
7607	0
7608	1
7609	1
7610	0
7611	2
7612	0
7613	0
7614	4
7615	0
7616	2
7617	1
7618	2
7619	0
7620	2
7621	0
7622	0
7623	0
7624	1
7625	1
7626	3
7627	1
7628	2
7629	2
7630	0
7631	1
7632	0
7633	1
7634	1
7635	2
7636	1
7637	0
7638	0
7639	0
7640	3
7641	1
7642	3
7643	1
7644	1
7645	0
7646	0
7647	0
7648	0
7649	0
7650	1
7651	1
7652	0
7653	2
7654	0
7655	1
7656	2
7657	2
7658	4
7659	2
7660	1
7661	0
7662	2
7663	1
7664	1
7665	1
7666	2
7667	1
7668	3
7669	2
7670	0
7671	1
7672	0
7673	0
7674	3
7675	4
7676	3
7677	1
7678	1
7679	1
7680	4
7681	2
7682	2
7683	4
7684	2
7685	1
7686	1
7687	1
7688	1
7689	0
7690	0
7691	0
7692	1
7693	0
7694	1
7695	3
7696	1
7697	0
7698	1
7699	0
7700	0
7701	1
7702	4
7703	1
7704	1
7705	2
7706	1
7707	1
7708	0
7709	0
7710	0
7711	0
7712	1
7713	1
7714	2
7715	1
7716	3
7717	0
7718	1
7719	0
7720	0
7721	0
7722	0
7723	1
7724	0
7725	0
7726	1
7727	1
7728	0
7729	1
7730	1
7731	1
7732	3
7733	3
7734	1
7735	0
7736	0
7737	0
7738	3
7739	0
7740	0
7741	1
7742	2
7743	1
7744	1
7745	2
7746	0
7747	1
7748	1
7749	2
7750	1
7751	1
7752	1
7753	0
7754	1
7755	1
7756	1
7757	2
7758	0
7759	1
7760	1
7761	0
7762	1
7763	0
7764	1
7765	1
7766	1
7767	1
7768	1
7769	0
7770	3
7771	0
7772	2
7773	1
7774	1
7775	0
7776	0
7777	0
7778	1
7779	0
7780	1
7781	0
7782	0
7783	0
7784	0
7785	0
7786	1
7787	0
7788	2
7789	0
7790	0
7791	0
7792	0
7793	1
7794	0
7795	0
7796	0
7797	0
7798	1
7799	1
7800	1
7801	0
7802	2
7803	1
7804	0
7805	1
7806	0
7807	1
7808	1
7809	0
7810	0
7811	1
7812	1
7813	2
7814	1
7815	1
7816	0
7817	1
7818	1
7819	0
7820	0
7821	0
7822	1
7823	1
7824	2
7825	1
7826	0
7827	2
7828	2
7829	0
7830	2
7831	1
7832	1
7833	0
7834	2
7835	1
7836	2
7837	0
7838	2
7839	1
7840	3
7841	1
7842	0
7843	1
7844	0
7845	0
7846	0
7847	1
7848	0
7849	0
7850	0
7851	0
7852	1
7853	2
7854	0
7855	1
7856	0
7857	1
7858	2
7859	1
7860	0
7861	0
7862	1
7863	1
7864	0
7865	0
7866	1
7867	1
7868	0
7869	0
7870	1
7871	0
7872	1
7873	0
7874	2
7875	0
7876	2
7877	1
7878	0
7879	0
7880	0
7881	2
7882	2
7883	0
7884	1
7885	1
7886	1
7887	0
7888	1
7889	0
7890	1
7891	0
7892	2
7893	0
7894	1
7895	3
7896	1
7897	0
7898	0
7899	2
7900	3
7901	0
7902	1
7903	2
7904	0
7905	1
7906	3
7907	0
7908	0
7909	3
7910	1
7911	0
7912	0
7913	1
7914	1
7915	0
7916	0
7917	0
7918	0
7919	1
7920	0
7921	1
7922	0
7923	0
7924	2
7925	0
7926	0
7927	0
7928	0
7929	1
7930	0
7931	1
7932	1
7933	0
7934	0
7935	0
7936	2
7937	0
7938	0
7939	0
7940	2
7941	0
7942	0
7943	1
7944	0
7945	1
7946	2
7947	0
7948	1
7949	1
7950	0
7951	0
7952	0
7953	0
7954	2
7955	0
7956	2
7957	0
7958	0
7959	0
7960	1
7961	0
7962	1
7963	0
7964	0
7965	1
7966	0
7967	0
7968	2
7969	2
7970	0
7971	0
7972	0
7973	0
7974	0
7975	1
7976	0
7977	1
7978	0
7979	0
7980	0
7981	0
7982	0
7983	0
7984	0
7985	0
7986	0
7987	1
7988	0
7989	0
7990	0
7991	0
7992	1
7993	0
7994	0
7995	0
7996	0
7997	2
7998	0
7999	1
8000	1
8001	2
8002	0
8003	0
8004	0
8005	1
8006	1
8007	0
8008	1
8009	0
8010	1
8011	1
8012	0
8013	2
8014	0
8015	0
8016	1
8017	1
8018	1
8019	0
8020	0
8021	0
8022	0
8023	1
8024	0
8025	1
8026	1
8027	0
8028	0
8029	0
8030	0
8031	0
8032	0
8033	1
8034	0
8035	1
8036	0
8037	0
8038	0
8039	2
8040	0
8041	0
8042	0
8043	1
8044	0
8045	1
8046	0
8047	0
8048	0
8049	1
8050	0
8051	0
8052	0
8053	0
8054	2
8055	0
8056	0
8057	0
8058	0
8059	0
8060	0
8061	1
8062	1
8063	0
8064	0
8065	0
8066	0
8067	0
8068	0
8069	0
8070	1
8071	0
8072	0
8073	0
8074	1
8075	2
8076	1
8077	1
8078	0
8079	0
8080	1
8081	0
8082	2
8083	0
8084	0
8085	0
8086	0
8087	1
8088	0
8089	0
8090	1
8091	1
8092	1
8093	0
8094	0
8095	0
8096	1
8097	1
8098	1
8099	0
8100	0
8101	1
8102	1
8103	2
8104	1
8105	0
8106	0
8107	1
8108	1
8109	0
8110	0
8111	0
8112	0
8113	2
8114	0
8115	2
8116	0
8117	0
8118	2
8119	0
8120	2
8121	0
8122	3
8123	0
8124	0
8125	0
8126	0
8127	0
8128	0
8129	0
8130	0
8131	0
8132	0
8133	1
8134	1
8135	0
8136	0
8137	2
8138	0
8139	1
8140	0
8141	0
8142	0
8143	0
8144	2
8145	2
8146	1
8147	0
8148	0
8149	1
8150	0
8151	0
8152	0
8153	1
8154	0
8155	0
8156	0
8157	0
8158	0
8159	0
8160	0
8161	0
8162	0
8163	0
8164	0
8165	0
8166	0
8167	0
8168	0
8169	0
8170	0
8171	0
8172	0
8173	0
8174	0
8175	0
8176	0
8177	0
8178	0
8179	0
8180	0
8181	0
8182	0
8183	0
8184	0
8185	0
8186	0
8187	0
8188	0
8189	0
8190	0
8191	0
